image_path,class
moon/00000103.jpg,moon
moon/00000055.jpg,moon
moon/00000066.jpg,moon
moon/00000063.jpeg,moon
moon/00000073.jpg,moon
moon/00000090.jpg,moon
moon/00000082.jpg,moon
moon/00000126.jpg,moon
moon/00000078.jpg,moon
moon/00000088.jpg,moon
moon/00000046.jpg,moon
moon/00000128.jpg,moon
moon/00000115.jpg,moon
moon/00000006.jpg,moon
moon/00000119.jpg,moon
moon/00000023.jpg,moon
moon/00000093.jpg,moon
moon/00000199.jpg,moon
moon/00000137.jpg,moon
moon/00000157.JPG,moon
moon/00000187.jpg,moon
moon/00000076.jpg,moon
moon/00000109.jpg,moon
moon/00000042.jpg,moon
moon/00000007.jpg,moon
moon/00000012.jpg,moon
moon/00000118.jpg,moon
moon/00000015.jpg,moon
moon/00000147.jpg,moon
moon/00000165.jpg,moon
moon/00000022.jpg,moon
moon/00000011.jpg,moon
moon/00000010.jpg,moon
moon/00000072.jpg,moon
moon/00000158.jpg,moon
moon/00000108.jpg,moon
moon/00000085.jpg,moon
moon/00000049.jpg,moon
moon/00000170.jpg,moon
moon/00000070.jpg,moon
moon/00000060.jpg,moon
moon/00000180.jpg,moon
moon/00000019.jpg,moon
moon/00000020.jpg,moon
moon/00000002.jpg,moon
moon/00000151.jpg,moon
moon/00000056.jpg,moon
moon/00000145.jpg,moon
moon/00000120.jpg,moon
moon/00000057.jpg,moon
moon/00000132.jpg,moon
moon/00000185.jpg,moon
moon/00000071.jpeg,moon
moon/00000138.jpg,moon
moon/00000008.jpg,moon
moon/00000195.jpg,moon
moon/00000163.jpg,moon
moon/00000125.jpg,moon
moon/00000130.jpg,moon
moon/00000168.jpg,moon
moon/00000051.jpg,moon
moon/00000104.jpg,moon
moon/00000026.jpg,moon
moon/00000030.jpg,moon
moon/00000089.jpg,moon
moon/00000167.jpg,moon
moon/00000017.jpg,moon
moon/00000039.jpg,moon
moon/00000018.jpg,moon
moon/00000077.jpg,moon
moon/00000110.jpg,moon
moon/00000027.png,moon
moon/00000159.png,moon
moon/00000121.jpg,moon
moon/00000098.jpg,moon
moon/00000196.jpg,moon
moon/00000009.jpg,moon
moon/00000149.jpg,moon
moon/00000102.jpg,moon
moon/00000113.jpeg,moon
moon/00000034.jpg,moon
moon/00000181.jpg,moon
moon/00000162.jpg,moon
moon/00000080.jpg,moon
moon/00000092.webp,moon
moon/00000069.jpg,moon
moon/00000100.jpg,moon
moon/00000097.jpg,moon
moon/00000028.jpg,moon
moon/00000171.jpg,moon
moon/00000079.jpg,moon
moon/00000001.jpg,moon
moon/00000016.jpg,moon
moon/00000067.jpg,moon
moon/00000117.jpg,moon
moon/00000074.jpg,moon
moon/00000105.jpg,moon
moon/00000096.jpg,moon
moon/00000025.jpg,moon
moon/00000031.jpg,moon
moon/00000124.jpg,moon
moon/00000153.jpg,moon
moon/00000054.jpg,moon
moon/00000133.jpg,moon
moon/00000037.jpg,moon
moon/00000032.jpg,moon
moon/00000114.jpg,moon
moon/00000174.jpg,moon
moon/00000192.jpg,moon
moon/00000061.jpg,moon
moon/00000021.jpg,moon
moon/00000101.jpg,moon
moon/00000053.jpg,moon
moon/00000047.jpg,moon
moon/00000014.jpg,moon
moon/00000123.jpg,moon
moon/00000099.jpeg,moon
moon/00000178.jpg,moon
moon/00000160.png,moon
moon/00000164.jpg,moon
moon/00000094.jpg,moon
moon/00000166.jpg,moon
moon/00000068.jpg,moon
moon/00000052.jpg,moon
moon/00000197.php,moon
moon/00000134.jpg,moon
moon/00000161.jpeg,moon
moon/00000179.jpg,moon
moon/00000188.jpg,moon
moon/00000036.jpg,moon
moon/00000048.jpg,moon
moon/00000183.jpg,moon
moon/00000146.jpg,moon
moon/00000086.jpg,moon
moon/00000182.jpg,moon
moon/00000111.jpg,moon
moon/00000140.jpg,moon
moon/00000065.jpg,moon
moon/00000081.jpg,moon
moon/00000116.png,moon
moon/00000005.jpg,moon
moon/00000084.jpg,moon
moon/00000136.jpg,moon
moon/00000003.jpg,moon
moon/00000175.jpg,moon
moon/00000004.jpeg,moon
moon/00000176.jpg,moon
moon/00000112.jpg,moon
moon/00000045.jpg,moon
moon/00000184.jpeg,moon
moon/00000144.jpg,moon
moon/00000198.jpg,moon
moon/00000087.jpg,moon
moon/00000091.jpg,moon
moon/00000024.jpg,moon
moon/00000143.jpg,moon
moon/00000041.jpg,moon
moon/00000013.jpg,moon
moon/00000040.jpg,moon
moon/00000141.jpg,moon
moon/00000127.webp,moon
moon/00000043.jpg,moon
moon/00000169.jpg,moon
moon/00000029.png,moon
moon/00000050.jpg,moon
moon/00000062.jpg,moon
moon/00000186.jpg,moon
moon/00000142.png,moon
moon/00000177.jpg,moon
moon/00000189.jpg,moon
moon/00000148.jpg,moon
moon/00000135.jpg,moon
moon/00000129.png,moon
moon/00000038.JPG,moon
moon/00000155.jpg,moon
moon/00000000.jpg,moon
moon/00000193.jpg,moon
moon/00000059.jpg,moon
moon/00000156.jpg,moon
moon/00000190.jpg,moon
moon/00000058.jpg,moon
moon/00000152.jpg,moon
moon/00000035.jpg,moon
moon/00000191.jpg,moon
moon/00000122.jpg,moon
moon/00000064.jpg,moon
moon/00000139.jpg,moon
moon/00000095.jpg,moon
moon/00000075.jpg,moon
moon/00000033.png,moon
moon/00000107.jpg,moon
moon/00000044.jpg,moon
bottle/00000103.jpg,bottle
bottle/00000055.jpg,bottle
bottle/00000066.jpg,bottle
bottle/00000082.jpg,bottle
bottle/00000078.jpg,bottle
bottle/00000088.jpg,bottle
bottle/00000046.jpg,bottle
bottle/00000128.jpg,bottle
bottle/00000000.png,bottle
bottle/00000115.jpg,bottle
bottle/00000113.jpg,bottle
bottle/00000006.jpg,bottle
bottle/00000119.jpg,bottle
bottle/00000173.jpg,bottle
bottle/00000023.jpg,bottle
bottle/00000093.jpg,bottle
bottle/00000160.jpg,bottle
bottle/00000199.jpg,bottle
bottle/00000061.gif,bottle
bottle/00000137.jpg,bottle
bottle/00000187.jpg,bottle
bottle/00000076.jpg,bottle
bottle/00000150.jpg,bottle
bottle/00000033.jpg,bottle
bottle/00000109.jpg,bottle
bottle/00000097.png,bottle
bottle/00000042.jpg,bottle
bottle/00000007.jpg,bottle
bottle/00000012.jpg,bottle
bottle/00000118.jpg,bottle
bottle/00000015.jpg,bottle
bottle/00000147.jpg,bottle
bottle/00000165.jpg,bottle
bottle/00000022.jpg,bottle
bottle/00000011.jpg,bottle
bottle/00000010.jpg,bottle
bottle/00000158.jpg,bottle
bottle/00000170.jpg,bottle
bottle/00000070.jpg,bottle
bottle/00000154.png,bottle
bottle/00000071.jpg,bottle
bottle/00000060.jpg,bottle
bottle/00000180.jpg,bottle
bottle/00000019.jpg,bottle
bottle/00000020.jpg,bottle
bottle/00000002.jpg,bottle
bottle/00000151.jpg,bottle
bottle/00000056.jpg,bottle
bottle/00000196.jpeg,bottle
bottle/00000145.jpg,bottle
bottle/00000057.jpg,bottle
bottle/00000132.jpg,bottle
bottle/00000185.jpg,bottle
bottle/00000138.jpg,bottle
bottle/00000008.jpg,bottle
bottle/00000125.jpg,bottle
bottle/00000106.jpg,bottle
bottle/00000130.jpg,bottle
bottle/00000126.png,bottle
bottle/00000168.jpg,bottle
bottle/00000051.jpg,bottle
bottle/00000104.jpg,bottle
bottle/00000003.png,bottle
bottle/00000039.jpeg,bottle
bottle/00000026.jpg,bottle
bottle/00000161.png,bottle
bottle/00000030.jpg,bottle
bottle/00000089.jpg,bottle
bottle/00000167.jpg,bottle
bottle/00000004.JPG,bottle
bottle/00000017.jpg,bottle
bottle/00000018.jpg,bottle
bottle/00000077.jpg,bottle
bottle/00000193.png,bottle
bottle/00000159.png,bottle
bottle/00000110.png,bottle
bottle/00000098.jpg,bottle
bottle/00000073.jpeg,bottle
bottle/00000009.jpg,bottle
bottle/00000149.jpg,bottle
bottle/00000121.JPG,bottle
bottle/00000102.jpg,bottle
bottle/00000142.jpg,bottle
bottle/00000034.jpg,bottle
bottle/00000067.jpeg,bottle
bottle/00000181.jpg,bottle
bottle/00000162.jpg,bottle
bottle/00000080.jpg,bottle
bottle/00000085.png,bottle
bottle/00000069.jpg,bottle
bottle/00000100.jpg,bottle
bottle/00000028.jpg,bottle
bottle/00000092.jpeg,bottle
bottle/00000171.jpg,bottle
bottle/00000001.jpg,bottle
bottle/00000016.jpg,bottle
bottle/00000117.jpg,bottle
bottle/00000074.jpg,bottle
bottle/00000105.jpg,bottle
bottle/00000096.jpg,bottle
bottle/00000025.jpg,bottle
bottle/00000031.jpg,bottle
bottle/00000124.jpg,bottle
bottle/00000188.tif,bottle
bottle/00000153.jpg,bottle
bottle/00000054.jpg,bottle
bottle/00000133.jpg,bottle
bottle/00000037.jpg,bottle
bottle/00000027.jpg,bottle
bottle/00000032.jpg,bottle
bottle/00000114.jpg,bottle
bottle/00000178.PNG,bottle
bottle/00000174.jpg,bottle
bottle/00000192.jpg,bottle
bottle/00000101.jpg,bottle
bottle/00000053.jpg,bottle
bottle/00000047.jpg,bottle
bottle/00000014.jpg,bottle
bottle/00000164.jpg,bottle
bottle/00000079.png,bottle
bottle/00000094.jpg,bottle
bottle/00000139.png,bottle
bottle/00000068.jpg,bottle
bottle/00000135.png,bottle
bottle/00000052.jpg,bottle
bottle/00000134.jpg,bottle
bottle/00000123.gif,bottle
bottle/00000179.jpg,bottle
bottle/00000116.jpg,bottle
bottle/00000120.png,bottle
bottle/00000036.jpg,bottle
bottle/00000048.jpg,bottle
bottle/00000183.jpg,bottle
bottle/00000146.jpg,bottle
bottle/00000086.jpg,bottle
bottle/00000182.jpg,bottle
bottle/00000140.jpg,bottle
bottle/00000065.jpg,bottle
bottle/00000081.jpg,bottle
bottle/00000005.jpg,bottle
bottle/00000084.jpg,bottle
bottle/00000136.jpg,bottle
bottle/00000175.jpg,bottle
bottle/00000176.jpg,bottle
bottle/00000112.jpg,bottle
bottle/00000045.jpg,bottle
bottle/00000144.jpg,bottle
bottle/00000087.jpg,bottle
bottle/00000091.jpg,bottle
bottle/00000038.jpg,bottle
bottle/00000024.jpg,bottle
bottle/00000143.jpg,bottle
bottle/00000194.jpg,bottle
bottle/00000099.jpg,bottle
bottle/00000131.jpg,bottle
bottle/00000041.jpg,bottle
bottle/00000040.jpg,bottle
bottle/00000172.jpg,bottle
bottle/00000043.jpg,bottle
bottle/00000169.jpg,bottle
bottle/00000083.jpg,bottle
bottle/00000050.jpg,bottle
bottle/00000062.jpg,bottle
bottle/00000186.jpg,bottle
bottle/00000184.jpg,bottle
bottle/00000177.jpg,bottle
bottle/00000189.jpg,bottle
bottle/00000148.jpg,bottle
bottle/00000163.png,bottle
bottle/00000129.png,bottle
bottle/00000059.jpg,bottle
bottle/00000156.jpg,bottle
bottle/00000190.jpg,bottle
bottle/00000155.png,bottle
bottle/00000058.jpg,bottle
bottle/00000152.jpg,bottle
bottle/00000035.jpg,bottle
bottle/00000141.png,bottle
bottle/00000191.jpg,bottle
bottle/00000122.jpg,bottle
bottle/00000029.jpg,bottle
bottle/00000064.jpg,bottle
bottle/00000197.jpg,bottle
bottle/00000095.jpg,bottle
bottle/00000075.jpg,bottle
bottle/00000107.jpg,bottle
bottle/00000044.jpg,bottle
